"Nombre Equipo","Colegio","Capitan","Coach","Integrante 1","Integrante 2","Integrante 3"
"Wall-E","U.E. Colegio Juan Vicente González","Ruth Suárez","","Ruth Suárez ","Richard Rodriguez ","Josué Aular "
"IDEAL N 2","U.E. IDEAL","Pastor Sosa","","Pastor Sosa ","Roberto Rivas ","Fabiana Quijada "
"Menca PRJ","U.E. Doña Menca de Leoni","Rogelio Fernández","","Rogelio Fernández ","José Camperos ","Roberto Monagas "
"Nitro Bytes","U.E. Raúl Leoni","Fernando Rojas","","Fernando Javier Rojas Figueroa ","Isabella Lucia del Valle Jiménez Zambrano ","Laura Cristina Macadan Noriega "
"(Pendiente)","U.E. Abajo Cadenas","(Pendiente)","","(Pediente) ","",""
"Don Bosco Tech","U.E. Colegio Don Bosco","Michelle Fariñas","","Michelle de los Angeles Fariñas Sanchez ","Augusto Anselmetti Bruzual ",""
"La Paz Tech","U.E. Nuestra Señora de La Paz","José Marcos Laya","","José Marcos Laya Candurin ","Antonella Sánchez Ysaccis ",""
"PyBulis","U.E. Cacica Urimare","Carmila Benitez","","Camila Benitez ","Victor Jiménez ","Leonardo Rodríguez "
"Los Promnue28","U.E. Nueva Barcelona","Eduardo Villegas","","Francisco Deffitt ","Eduardo Villegas ","Salomón Turmero "
